Unidade,Nivel,Modalidade,DispositivoEmCasa,n,npar,fmin,chisq,df,pvalue,baseline.chisq,baseline.df,baseline.pvalue,cfi,tli,nnfi,rfi,nfi,pnfi,ifi,rni,logl,unrestricted.logl,aic,bic,ntotal,bic2,rmsea,rmsea.ci.lower,rmsea.ci.upper,rmsea.pvalue,rmr,rmr_nomean,srmr,srmr_bentler,srmr_bentler_nomean,crmr,crmr_nomean,srmr_mplus,srmr_mplus_nomean,cn_05,cn_01,gfi,agfi,pgfi,mfi,ecvi,cfi.obs,tli.obs,rmsea.obs,rmsea.pvalue.obs
NA,NA,NA,NA,4369,37,0.4519,3948.3704,99,0,50784.5362,120,0,0.924,0.9079,0.9079,0.9058,0.9223,0.7609,0.9241,0.924,-67252.4846,-65278.2993,134578.9691,134815.1138,4369,134697.5428,0.0943,0.0918,0.0969,0,0.1949,0.1949,0.1188,0.1188,0.1188,0.1262,0.1262,0.1186,0.1186,137.3527,149.9853,0.8996,0.8621,0.6549,0.6437,0.9207,NA,NA,NA,NA
"Instituto de Geografia, Desenvolvimento e Meio Ambiente - IGDEMA",NA,NA,NA,73,37,1.1716,171.0573,99,0,1046.6516,120,0,0.9222,0.9057,0.9057,0.8019,0.8366,0.6902,0.924,0.9222,-1185.6815,-1100.1529,2445.3631,2530.1101,73,2413.5221,0.0999,0.0741,0.1247,0.0017,0.2524,0.2524,0.1491,0.1491,0.1491,0.1567,0.1567,0.1477,0.1477,53.5873,58.4593,0.8048,0.7318,0.5858,0.6105,3.3569,NA,NA,NA,NA
Campus CECA,NA,NA,NA,231,37,0.5807,268.3033,99,0,2716.11,120,0,0.9348,0.921,0.921,0.8803,0.9012,0.7435,0.9353,0.9348,-3535.7591,-3401.6075,7145.5183,7272.8877,231,7155.6187,0.086,0.0738,0.0985,0,0.1801,0.1801,0.1137,0.1137,0.1137,0.121,0.121,0.1137,0.1137,107.0927,116.9219,0.8768,0.8307,0.6383,0.6932,1.4818,NA,NA,NA,NA
"Campus Arapiraca (Arapiraca, Palmeira dos Índios e Penedo)",NA,NA,NA,790,37,0.4743,749.46,99,0,9072.6095,120,0,0.9273,0.9119,0.9119,0.8999,0.9174,0.7568,0.9275,0.9273,-11688.5256,-11313.7956,23451.0511,23623.9163,790,23506.4219,0.0912,0.0852,0.0974,0,0.153,0.153,0.1115,0.1115,0.1115,0.1185,0.1185,0.1114,0.1114,130.8908,142.9247,0.8994,0.8618,0.6547,0.6625,1.0424,NA,NA,NA,NA
Instituto de Química e Biotecnologia - IQB,NA,NA,NA,120,37,1.1168,268.0429,99,0,1686.3546,120,0,0.8921,0.8692,0.8692,0.8073,0.8411,0.6939,0.8935,0.8921,-1603.3899,-1469.3685,3280.7799,3383.9171,120,3266.9407,0.1193,0.1022,0.1366,0,0.1835,0.1835,0.1297,0.1297,0.1297,0.138,0.138,0.1297,0.1297,56.1666,61.2776,0.7989,0.7238,0.5816,0.4944,2.8504,NA,NA,poor model fit,NA
"Faculdade de Economia, Administração e Contabilidade - FEAC",NA,NA,NA,224,37,0.8736,391.3774,99,0,2853.4978,120,0,0.893,0.8704,0.8704,0.8337,0.8628,0.7118,0.8939,0.893,-3462.3973,-3266.7086,6998.7946,7125.0255,224,7007.7664,0.1148,0.103,0.1269,0,0.3189,0.3189,0.1725,0.1725,0.1725,0.1826,0.1826,0.1717,0.1717,71.5264,78.0604,0.8212,0.7543,0.5978,0.5207,2.0776,NA,NA,poor model fit,NA
"Instituto de Ciências Humanas, Comunicação e Artes - ICHCA",NA,NA,NA,256,37,0.6469,331.2065,99,0,2994.1414,120,0,0.9192,0.9021,0.9021,0.8659,0.8894,0.7337,0.9198,0.9192,-4174.8524,-4009.2491,8423.7047,8554.8763,256,8437.5762,0.0957,0.0845,0.1072,0,0.2253,0.2253,0.1286,0.1286,0.1286,0.1367,0.1367,0.1285,0.1285,96.2447,105.0688,0.8658,0.8157,0.6303,0.6354,1.5828,NA,NA,NA,NA
Faculdade de Arquitetura e Urbanismo - FAU,NA,NA,NA,264,37,0.5086,268.532,99,0,2872.2509,120,0,0.9384,0.9253,0.9253,0.8867,0.9065,0.7479,0.9389,0.9384,-3918.0796,-3783.8136,7910.1591,8042.4692,264,7925.1605,0.0805,0.0691,0.0922,0,0.1202,0.1202,0.09,0.09,0.09,0.0957,0.0957,0.09,0.09,122.1456,133.3693,0.8919,0.8514,0.6492,0.7254,1.2975,NA,NA,NA,NA
Centro de Tecnologia - CTEC,NA,NA,NA,334,37,0.4964,331.5747,99,0,4252.4633,120,0,0.9437,0.9318,0.9318,0.9055,0.922,0.7607,0.944,0.9437,-4556.4104,-4390.623,9186.8208,9327.833,334,9210.4659,0.0839,0.074,0.0939,0,0.1829,0.1829,0.1193,0.1193,0.1193,0.1268,0.1268,0.1192,0.1192,125.1265,136.6264,0.8951,0.8559,0.6516,0.706,1.2143,NA,NA,NA,NA
Faculdade de Letras - FALE,NA,NA,NA,160,37,0.5699,182.3661,99,0,2127.4037,120,0,0.9585,0.9497,0.9497,0.8961,0.9143,0.7543,0.9589,0.9585,-2458.8195,-2367.6365,4991.6391,5105.4205,160,4988.2921,0.0725,0.0558,0.0889,0.0153,0.2041,0.2041,0.1308,0.1308,0.1308,0.1392,0.1392,0.1308,0.1308,109.1124,119.1286,0.8732,0.8258,0.6356,0.7707,1.6023,NA,NA,NA,NA
Centro de Educação - CEDU,NA,NA,NA,496,37,0.5257,521.4857,99,0,5460.9333,120,0,0.9209,0.9041,0.9041,0.8842,0.9045,0.7462,0.9212,0.9209,-7776.2767,-7515.5339,15626.5535,15782.1968,496,15664.7577,0.0928,0.085,0.1007,0,0.2388,0.2388,0.138,0.138,0.138,0.1464,0.1464,0.1377,0.1377,118.203,129.0615,0.8842,0.8409,0.6436,0.6532,1.2006,NA,NA,NA,NA
Instituto de Ciências Biológicas e da Saúde - ICBS,NA,NA,NA,146,37,0.9283,271.0593,99,0,1717.4879,120,0,0.8923,0.8694,0.8694,0.8087,0.8422,0.6948,0.8937,0.8923,-2141.4286,-2005.8989,4356.8571,4467.2506,146,4350.166,0.1091,0.0937,0.1247,0,0.1732,0.1732,0.1229,0.1229,0.1229,0.1303,0.1303,0.1225,0.1225,67.3725,73.5217,0.8241,0.7583,0.5999,0.5547,2.3634,NA,NA,poor model fit,NA
Campus Sertão (Delmiro Gouveia e Santana do Ipanema),NA,NA,NA,243,37,0.7581,368.4239,99,0,2929.5053,120,0,0.9041,0.8838,0.8838,0.8476,0.8742,0.7212,0.9048,0.9041,-3727.1465,-3542.9346,7528.2931,7657.5364,243,7540.2517,0.1058,0.0944,0.1175,0,0.2155,0.2155,0.1342,0.1342,0.1342,0.1424,0.1424,0.1339,0.1339,82.2752,89.8051,0.8481,0.7914,0.6174,0.5744,1.8207,NA,NA,poor model fit,NA
Instituto de Educação Física e Esporte - IEFE,NA,NA,NA,77,37,1.2547,193.2221,99,0,1045.5329,120,0,0.8982,0.8766,0.8766,0.776,0.8152,0.6725,0.9005,0.8982,-1138.5977,-1041.9867,2351.1955,2437.9163,77,2321.2771,0.1112,0.0877,0.1344,1e-04,0.3091,0.3091,0.1838,0.1838,0.1838,0.1949,0.1949,0.1832,0.1832,50.1059,54.6554,0.769,0.6826,0.5598,0.5424,3.4704,NA,NA,poor model fit,NA
Instituto de Psicologia - IP,NA,NA,NA,106,37,0.8587,182.0503,99,0,1370.0625,120,0,0.9336,0.9195,0.9195,0.8389,0.8671,0.7154,0.9347,0.9336,-1664.9217,-1573.8966,3403.8434,3502.3907,106,3385.4943,0.089,0.0684,0.1091,0.0017,0.2481,0.2481,0.149,0.149,0.149,0.1579,0.1579,0.1485,0.1485,72.7487,79.396,0.8346,0.7728,0.6076,0.6759,2.4156,NA,NA,NA,NA
Instituto de Física - IF,NA,NA,NA,31,37,2.4185,149.9477,99,7e-04,534.2284,120,0,0.877,0.8509,0.8509,0.6598,0.7193,0.5934,0.8829,0.877,-458.1196,-383.1457,990.2392,1043.2967,31,928.022,0.1288,0.0845,0.1693,0.0048,0.2904,0.2904,0.1908,0.1908,0.1908,0.2024,0.2024,0.1904,0.1904,26.4754,28.8356,0.6977,0.5847,0.5079,0.4397,7.2241,NA,NA,poor model fit,NA
Faculdade de Serviço Social - FSSO,NA,NA,NA,38,37,2.5,189.9986,99,0,774.9081,120,0,0.8611,0.8316,0.8316,0.7028,0.7548,0.6227,0.8654,0.8611,-550.5249,-455.5256,1175.0498,1235.6405,38,1119.9503,0.1555,0.1218,0.1887,0,0.303,0.303,0.1758,0.1758,0.1758,0.1865,0.1865,0.1755,0.1755,25.6452,27.9285,0.692,0.5768,0.5037,0.302,6.9473,NA,unacceptable model fit,poor model fit,NA
Instituto de Ciências Sociais - ICS,NA,NA,NA,38,37,1.8197,138.2962,99,0.0056,618.7415,120,0,0.9212,0.9045,0.9045,0.7291,0.7765,0.6406,0.9244,0.9212,-595.3417,-526.1936,1264.6834,1325.2741,38,1209.584,0.1022,0.0571,0.1406,0.0329,0.3431,0.3431,0.1867,0.1867,0.1867,0.1984,0.1984,0.1864,0.1864,34.8589,37.9958,0.7274,0.6255,0.5295,0.5963,5.5867,NA,NA,poor model fit,NA
NA,Graduação (bacharelado),NA,NA,2617,37,0.4518,2364.6288,99,0,30714.6274,120,0,0.9259,0.9102,0.9102,0.9067,0.923,0.7615,0.926,0.9259,-38451.4696,-37269.1552,76976.9392,77194.1212,2617,77076.5615,0.0935,0.0903,0.0968,0,0.1872,0.1872,0.1186,0.1186,0.1186,0.126,0.126,0.1184,0.1184,137.3768,150.0116,0.8982,0.8602,0.6538,0.6486,0.9318,NA,NA,NA,NA
Campus CECA,Graduação (bacharelado),NA,NA,212,37,0.6751,286.2607,99,0,2562.2172,120,0,0.9233,0.9071,0.9071,0.8646,0.8883,0.7328,0.924,0.9233,-3209.7081,-3066.5777,6493.4161,6617.6098,212,6500.3693,0.0945,0.0818,0.1073,0,0.1907,0.1907,0.1218,0.1218,0.1218,0.1295,0.1295,0.1217,0.1217,92.2586,100.7134,0.8627,0.8114,0.628,0.643,1.6993,NA,NA,NA,NA
"Campus Arapiraca (Arapiraca, Palmeira dos Índios e Penedo)",Graduação (bacharelado),NA,NA,450,37,0.5807,522.6357,99,0,5141.5403,120,0,0.9156,0.8977,0.8977,0.8768,0.8984,0.7411,0.916,0.9156,-6491.4178,-6230.0999,13056.8355,13208.8777,450,13091.4538,0.0975,0.0894,0.1058,0,0.1515,0.1515,0.113,0.113,0.113,0.1201,0.1201,0.1129,0.1129,107.0994,116.9292,0.8766,0.8304,0.6381,0.6246,1.3259,NA,NA,NA,NA
Instituto de Química e Biotecnologia - IQB,Graduação (bacharelado),NA,NA,45,37,1.8225,164.0291,99,0,813.7487,120,0,0.9063,0.8864,0.8864,0.7557,0.7984,0.6587,0.909,0.9063,-532.1882,-450.1737,1138.3765,1205.223,45,1089.244,0.1208,0.087,0.153,0.0011,0.2143,0.2143,0.1504,0.1504,0.1504,0.1601,0.1601,0.1504,0.1504,34.8058,37.9378,0.7064,0.5967,0.5142,0.4855,5.2895,NA,NA,poor model fit,NA
"Faculdade de Economia, Administração e Contabilidade - FEAC",Graduação (bacharelado),NA,NA,223,37,0.8665,386.4468,99,0,2833.4452,120,0,0.8941,0.8716,0.8716,0.8347,0.8636,0.7125,0.8949,0.8941,-3450.7982,-3257.5748,6975.5963,7101.6617,223,6984.4041,0.1141,0.1022,0.1262,0,0.3155,0.3155,0.1709,0.1709,0.1709,0.181,0.181,0.1702,0.1702,72.1074,78.6953,0.8225,0.7561,0.5987,0.5249,2.0648,NA,NA,poor model fit,NA
Faculdade de Arquitetura e Urbanismo - FAU,Graduação (bacharelado),NA,NA,243,37,0.4917,238.989,99,0,2603.4229,120,0,0.9436,0.9317,0.9317,0.8887,0.9082,0.7493,0.9441,0.9436,-3577.9584,-3458.4639,7229.9168,7359.1601,243,7241.8754,0.0763,0.064,0.0887,4e-04,0.1125,0.1125,0.085,0.085,0.085,0.0905,0.0905,0.085,0.085,126.2933,137.9013,0.8945,0.8551,0.6512,0.7497,1.288,NA,NA,NA,NA
Centro de Tecnologia - CTEC,Graduação (bacharelado),NA,NA,289,37,0.4946,285.904,99,0,3551.1252,120,0,0.9455,0.934,0.934,0.9024,0.9195,0.7586,0.9459,0.9455,-3807.5578,-3664.6058,7689.1156,7824.7733,289,7707.4405,0.0808,0.07,0.0918,0,0.1711,0.1711,0.1156,0.1156,0.1156,0.1228,0.1228,0.1154,0.1154,125.5596,137.0996,0.8955,0.8564,0.6519,0.7237,1.2453,NA,NA,NA,NA
Campus Sertão (Delmiro Gouveia e Santana do Ipanema),Graduação (bacharelado),NA,NA,141,37,0.9525,268.5929,99,0,1795.9281,120,0,0.8988,0.8773,0.8773,0.8187,0.8504,0.7016,0.9001,0.8988,-1931.7218,-1797.4253,3937.4435,4046.5476,141,3929.4808,0.1102,0.0945,0.1262,0,0.1902,0.1902,0.1354,0.1354,0.1354,0.1438,0.1438,0.1352,0.1352,65.6881,71.6812,0.8197,0.7523,0.5967,0.548,2.4297,NA,NA,poor model fit,NA
Instituto de Psicologia - IP,Graduação (bacharelado),NA,NA,79,37,1.0847,171.3822,99,0,1051.128,120,0,0.9223,0.9058,0.9058,0.8024,0.837,0.6905,0.924,0.9223,-1124.4029,-1038.7119,2322.8059,2410.4755,79,2293.8125,0.0962,0.0715,0.12,0.0022,0.2284,0.2284,0.1551,0.1551,0.1551,0.1645,0.1645,0.1547,0.1547,57.8017,63.0642,0.8046,0.7316,0.5857,0.6325,3.1061,NA,NA,NA,NA
NA,Graduação (licenciatura),NA,NA,1316,37,0.4722,1242.8322,99,0,15341.5154,120,0,0.9249,0.9089,0.9089,0.9018,0.919,0.7582,0.925,0.9249,-20934.9253,-20313.5092,41943.8506,42135.5976,1316,42018.0658,0.0937,0.0891,0.0984,0,0.1726,0.1726,0.1097,0.1097,0.1097,0.1166,0.1166,0.1096,0.1096,131.4797,143.5682,0.9008,0.8638,0.6558,0.6475,1.0006,NA,NA,NA,NA
"Instituto de Geografia, Desenvolvimento e Meio Ambiente - IGDEMA",Graduação (licenciatura),NA,NA,40,37,1.9006,152.0491,99,5e-04,659.8797,120,0,0.9017,0.8809,0.8809,0.7207,0.7696,0.6349,0.9054,0.9017,-648.4477,-572.4231,1370.8953,1433.3839,40,1317.6011,0.1157,0.0773,0.1511,0.0055,0.2973,0.2973,0.1698,0.1698,0.1698,0.1772,0.1772,0.1673,0.1673,33.4172,36.4206,0.7084,0.5994,0.5157,0.5152,5.6512,NA,NA,poor model fit,NA
"Campus Arapiraca (Arapiraca, Palmeira dos Índios e Penedo)",Graduação (licenciatura),NA,NA,331,37,0.533,352.852,99,0,4059.8983,120,0,0.9356,0.9219,0.9219,0.8947,0.9131,0.7533,0.9359,0.9356,-4871.7674,-4695.3414,9817.5347,9958.2131,331,9840.848,0.088,0.0782,0.098,0,0.1469,0.1469,0.1124,0.1124,0.1124,0.1195,0.1195,0.1123,0.1123,116.5939,127.3033,0.8925,0.8523,0.6497,0.6815,1.2896,NA,NA,NA,NA
"Instituto de Ciências Humanas, Comunicação e Artes - ICHCA",Graduação (licenciatura),NA,NA,142,37,0.8752,248.5523,99,0,1821.3393,120,0,0.9121,0.8935,0.8935,0.8346,0.8635,0.7124,0.9132,0.9121,-2287.7686,-2163.4924,4649.5372,4758.9028,142,4641.8323,0.1031,0.0872,0.1192,0,0.2338,0.2338,0.1378,0.1378,0.1378,0.1465,0.1465,0.1377,0.1377,71.3996,77.9219,0.8253,0.76,0.6008,0.5906,2.2715,NA,NA,poor model fit,NA
Faculdade de Letras - FALE,Graduação (licenciatura),NA,NA,125,37,0.538,134.5046,99,0.0102,1712.5388,120,0,0.9777,0.973,0.973,0.9048,0.9215,0.7602,0.978,0.9777,-1842.4264,-1775.1742,3758.8529,3863.5005,125,3746.4998,0.0536,0.0272,0.0752,0.3836,0.1792,0.1792,0.12,0.12,0.12,0.1276,0.1276,0.1199,0.1199,115.5177,126.1274,0.8816,0.8374,0.6418,0.8676,1.668,NA,NA,NA,the model has close fit
Centro de Educação - CEDU,Graduação (licenciatura),NA,NA,382,37,0.5005,382.3495,99,0,4216.7984,120,0,0.9308,0.9162,0.9162,0.8901,0.9093,0.7502,0.9312,0.9308,-5971.8744,-5780.6996,12017.7488,12163.7293,382,12046.3346,0.0866,0.0775,0.0958,0,0.1561,0.1561,0.104,0.104,0.104,0.1105,0.1105,0.1038,0.1038,124.1126,135.5185,0.8955,0.8565,0.6519,0.6901,1.1946,NA,NA,NA,NA
Campus Sertão (Delmiro Gouveia e Santana do Ipanema),Graduação (licenciatura),NA,NA,101,37,1.1189,226.015,99,0,1290.6483,120,0,0.8915,0.8685,0.8685,0.7877,0.8249,0.6805,0.8934,0.8915,-1667.752,-1554.7444,3409.5039,3506.2634,101,3389.4009,0.1127,0.0933,0.1322,0,0.2782,0.2782,0.1599,0.1599,0.1599,0.1698,0.1698,0.1596,0.1596,56.066,61.1677,0.7878,0.7085,0.5735,0.5332,2.9704,NA,NA,poor model fit,NA
NA,Mestrado,NA,NA,251,37,0.6141,308.2935,99,0,3074.5829,120,0,0.9292,0.9141,0.9141,0.8785,0.8997,0.7423,0.9297,0.9292,-3605.0933,-3450.9466,7284.1866,7414.6284,251,7297.3341,0.0918,0.0803,0.1035,0,0.1993,0.1993,0.1231,0.1231,0.1231,0.1308,0.1308,0.1229,0.1229,101.3249,110.6197,0.8675,0.818,0.6315,0.6591,1.5231,NA,NA,NA,NA
NA,Doutorado,NA,NA,146,37,1.0413,304.0607,99,0,1583.8487,120,0,0.8599,0.8302,0.8302,0.7673,0.808,0.6666,0.8619,0.8599,-2229.1836,-2077.1532,4532.3671,4642.7606,146,4525.676,0.1191,0.104,0.1345,0,0.2554,0.2554,0.1457,0.1457,0.1457,0.1546,0.1546,0.1454,0.1454,60.1687,65.6505,0.7986,0.7233,0.5813,0.4955,2.5895,NA,unacceptable model fit,poor model fit,NA
NA,NA,Presencial,NA,4215,37,0.4551,3836.1949,99,0,49252.7239,120,0,0.9239,0.9078,0.9078,0.9056,0.9221,0.7607,0.924,0.9239,-64334.7069,-62416.6095,128743.4139,128978.2309,4215,128860.6604,0.0946,0.0921,0.0972,0,0.1942,0.1942,0.1196,0.1196,0.1196,0.1271,0.1271,0.1194,0.1194,136.3931,148.9368,0.8989,0.8611,0.6543,0.6419,0.9277,NA,NA,NA,NA
"Instituto de Geografia, Desenvolvimento e Meio Ambiente - IGDEMA",NA,Presencial,NA,56,37,1.6684,186.8612,99,0,847.6391,120,0,0.8793,0.8536,0.8536,0.7328,0.7796,0.6431,0.8826,0.8793,-885.8077,-792.3772,1845.6155,1920.5535,56,1804.2639,0.1259,0.0979,0.1534,0,0.2843,0.2843,0.1736,0.1736,0.1736,0.1839,0.1839,0.1729,0.1729,37.9291,41.3504,0.7586,0.6684,0.5522,0.4564,4.6582,NA,NA,poor model fit,NA
Campus CECA,NA,Presencial,NA,229,37,0.5814,266.2586,99,0,2682.6987,120,0,0.9347,0.9209,0.9209,0.8797,0.9007,0.7431,0.9353,0.9347,-3492.5024,-3359.3731,7059.0048,7186.0525,229,7068.7862,0.0859,0.0735,0.0984,0,0.1813,0.1813,0.1148,0.1148,0.1148,0.1221,0.1221,0.1147,0.1147,106.9818,116.8007,0.8759,0.8295,0.6376,0.6941,1.4858,NA,NA,NA,NA
"Campus Arapiraca (Arapiraca, Palmeira dos Índios e Penedo)",NA,Presencial,NA,764,37,0.4663,712.455,99,0,8759.9266,120,0,0.929,0.9139,0.9139,0.9014,0.9187,0.7579,0.9292,0.929,-11143.3233,-10787.0958,22360.6465,22532.2735,764,22414.7823,0.0901,0.0839,0.0963,0,0.1474,0.1474,0.1097,0.1097,0.1097,0.1167,0.1167,0.1096,0.1096,133.1404,145.3827,0.9016,0.8649,0.6563,0.6693,1.0294,NA,NA,NA,NA
Instituto de Química e Biotecnologia - IQB,NA,Presencial,NA,119,37,1.1212,266.8521,99,0,1669.2461,120,0,0.8917,0.8687,0.8687,0.8062,0.8401,0.6931,0.8931,0.8917,-1592.5624,-1459.1364,3259.1249,3361.9524,119,3244.9811,0.1194,0.1022,0.1367,0,0.1857,0.1857,0.1306,0.1306,0.1306,0.139,0.139,0.1306,0.1306,55.951,61.0421,0.7982,0.7227,0.581,0.494,2.8643,NA,NA,poor model fit,NA
"Faculdade de Economia, Administração e Contabilidade - FEAC",NA,Presencial,NA,224,37,0.8736,391.3774,99,0,2853.4978,120,0,0.893,0.8704,0.8704,0.8337,0.8628,0.7118,0.8939,0.893,-3462.3973,-3266.7086,6998.7946,7125.0255,224,7007.7664,0.1148,0.103,0.1269,0,0.3189,0.3189,0.1725,0.1725,0.1725,0.1826,0.1826,0.1717,0.1717,71.5264,78.0604,0.8212,0.7543,0.5978,0.5207,2.0776,NA,NA,poor model fit,NA
"Instituto de Ciências Humanas, Comunicação e Artes - ICHCA",NA,Presencial,NA,256,37,0.6469,331.2065,99,0,2994.1414,120,0,0.9192,0.9021,0.9021,0.8659,0.8894,0.7337,0.9198,0.9192,-4174.8524,-4009.2491,8423.7047,8554.8763,256,8437.5762,0.0957,0.0845,0.1072,0,0.2253,0.2253,0.1286,0.1286,0.1286,0.1367,0.1367,0.1285,0.1285,96.2447,105.0688,0.8658,0.8157,0.6303,0.6354,1.5828,NA,NA,NA,NA
Faculdade de Arquitetura e Urbanismo - FAU,NA,Presencial,NA,264,37,0.5086,268.532,99,0,2872.2509,120,0,0.9384,0.9253,0.9253,0.8867,0.9065,0.7479,0.9389,0.9384,-3918.0796,-3783.8136,7910.1591,8042.4692,264,7925.1605,0.0805,0.0691,0.0922,0,0.1202,0.1202,0.09,0.09,0.09,0.0957,0.0957,0.09,0.09,122.1456,133.3693,0.8919,0.8514,0.6492,0.7254,1.2975,NA,NA,NA,NA
Centro de Tecnologia - CTEC,NA,Presencial,NA,333,37,0.5005,333.3199,99,0,4242.2154,120,0,0.9432,0.9311,0.9311,0.9048,0.9214,0.7602,0.9434,0.9432,-4541.4831,-4374.8231,9156.9662,9297.8675,333,9180.501,0.0843,0.0744,0.0944,0,0.1837,0.1837,0.1199,0.1199,0.1199,0.1275,0.1275,0.1198,0.1198,124.1069,135.5124,0.8941,0.8545,0.6508,0.7034,1.2232,NA,NA,NA,NA
Faculdade de Letras - FALE,NA,Presencial,NA,154,37,0.5652,174.09,99,0,2082.9572,120,0,0.9617,0.9536,0.9536,0.8987,0.9164,0.756,0.9622,0.9617,-2334.8403,-2247.7954,4743.6807,4856.0479,154,4738.9374,0.0702,0.0526,0.0872,0.0307,0.1902,0.1902,0.1226,0.1226,0.1226,0.1304,0.1304,0.1225,0.1225,110.005,120.104,0.8758,0.8294,0.6376,0.7836,1.611,NA,NA,NA,NA
Centro de Educação - CEDU,NA,Presencial,NA,419,37,0.5647,473.1979,99,0,4703.1886,120,0,0.9184,0.901,0.901,0.878,0.8994,0.742,0.9187,0.9184,-6486.2023,-6249.6033,13046.4046,13195.8058,419,13078.394,0.095,0.0865,0.1037,0,0.2253,0.2253,0.1365,0.1365,0.1365,0.1449,0.1449,0.1362,0.1362,110.1116,120.2204,0.879,0.8338,0.6399,0.6398,1.306,NA,NA,NA,NA
Instituto de Ciências Biológicas e da Saúde - ICBS,NA,Presencial,NA,146,37,0.9283,271.0593,99,0,1717.4879,120,0,0.8923,0.8694,0.8694,0.8087,0.8422,0.6948,0.8937,0.8923,-2141.4286,-2005.8989,4356.8571,4467.2506,146,4350.166,0.1091,0.0937,0.1247,0,0.1732,0.1732,0.1229,0.1229,0.1229,0.1303,0.1303,0.1225,0.1225,67.3725,73.5217,0.8241,0.7583,0.5999,0.5547,2.3634,NA,NA,poor model fit,NA
Campus Sertão (Delmiro Gouveia e Santana do Ipanema),NA,Presencial,NA,234,37,0.7572,354.3762,99,0,2783.6197,120,0,0.9041,0.8838,0.8838,0.8457,0.8727,0.72,0.9049,0.9041,-3522.0399,-3344.8518,7118.0797,7245.9266,234,7128.6535,0.105,0.0933,0.1169,0,0.2158,0.2158,0.132,0.132,0.132,0.1401,0.1401,0.1317,0.1317,82.3675,89.9059,0.8495,0.7932,0.6184,0.5795,1.8307,NA,NA,poor model fit,NA
Instituto de Educação Física e Esporte - IEFE,NA,Presencial,NA,77,37,1.2547,193.2221,99,0,1045.5329,120,0,0.8982,0.8766,0.8766,0.776,0.8152,0.6725,0.9005,0.8982,-1138.5977,-1041.9867,2351.1955,2437.9163,77,2321.2771,0.1112,0.0877,0.1344,1e-04,0.3091,0.3091,0.1838,0.1838,0.1838,0.1949,0.1949,0.1832,0.1832,50.1059,54.6554,0.769,0.6826,0.5598,0.5424,3.4704,NA,NA,poor model fit,NA
Instituto de Psicologia - IP,NA,Presencial,NA,106,37,0.8587,182.0503,99,0,1370.0625,120,0,0.9336,0.9195,0.9195,0.8389,0.8671,0.7154,0.9347,0.9336,-1664.9217,-1573.8966,3403.8434,3502.3907,106,3385.4943,0.089,0.0684,0.1091,0.0017,0.2481,0.2481,0.149,0.149,0.149,0.1579,0.1579,0.1485,0.1485,72.7487,79.396,0.8346,0.7728,0.6076,0.6759,2.4156,NA,NA,NA,NA
Instituto de Ciências Sociais - ICS,NA,Presencial,NA,37,37,1.9732,146.0133,99,0.0015,602.1631,120,0,0.9025,0.8818,0.8818,0.7061,0.7575,0.625,0.9066,0.9025,-576.9723,-503.9656,1227.9446,1287.5485,37,1171.9084,0.1133,0.0713,0.1509,0.0114,0.3317,0.3317,0.1868,0.1868,0.1868,0.1985,0.1985,0.1865,0.1865,32.2255,35.1184,0.7139,0.607,0.5197,0.5298,5.9463,NA,NA,poor model fit,NA
NA,Graduação (bacharelado),Presencial,NA,2609,37,0.452,2358.5388,99,0,30696.7871,120,0,0.9261,0.9104,0.9104,0.9069,0.9232,0.7616,0.9262,0.9261,-38252.8466,-37073.5772,76579.6933,76796.762,2609,76679.2024,0.0935,0.0903,0.0968,0,0.187,0.187,0.1187,0.1187,0.1187,0.1261,0.1261,0.1185,0.1185,137.3109,149.9397,0.8982,0.8602,0.6539,0.6485,0.9324,NA,NA,NA,NA
Campus CECA,Graduação (bacharelado),Presencial,NA,212,37,0.6751,286.2607,99,0,2562.2172,120,0,0.9233,0.9071,0.9071,0.8646,0.8883,0.7328,0.924,0.9233,-3209.7081,-3066.5777,6493.4161,6617.6098,212,6500.3693,0.0945,0.0818,0.1073,0,0.1907,0.1907,0.1218,0.1218,0.1218,0.1295,0.1295,0.1217,0.1217,92.2586,100.7134,0.8627,0.8114,0.628,0.643,1.6993,NA,NA,NA,NA
"Campus Arapiraca (Arapiraca, Palmeira dos Índios e Penedo)",Graduação (bacharelado),Presencial,NA,448,37,0.5728,513.1962,99,0,5144.2904,120,0,0.9176,0.9001,0.9001,0.8791,0.9002,0.7427,0.9179,0.9176,-6426.1748,-6169.5767,12926.3496,13078.227,448,12960.8038,0.0966,0.0885,0.105,0,0.1461,0.1461,0.1103,0.1103,0.1103,0.1173,0.1173,0.1102,0.1102,108.5707,118.5368,0.8786,0.8332,0.6396,0.6299,1.3107,NA,NA,NA,NA
Instituto de Química e Biotecnologia - IQB,Graduação (bacharelado),Presencial,NA,45,37,1.8225,164.0291,99,0,813.7487,120,0,0.9063,0.8864,0.8864,0.7557,0.7984,0.6587,0.909,0.9063,-532.1882,-450.1737,1138.3765,1205.223,45,1089.244,0.1208,0.087,0.153,0.0011,0.2143,0.2143,0.1504,0.1504,0.1504,0.1601,0.1601,0.1504,0.1504,34.8058,37.9378,0.7064,0.5967,0.5142,0.4855,5.2895,NA,NA,poor model fit,NA
"Faculdade de Economia, Administração e Contabilidade - FEAC",Graduação (bacharelado),Presencial,NA,223,37,0.8665,386.4468,99,0,2833.4452,120,0,0.8941,0.8716,0.8716,0.8347,0.8636,0.7125,0.8949,0.8941,-3450.7982,-3257.5748,6975.5963,7101.6617,223,6984.4041,0.1141,0.1022,0.1262,0,0.3155,0.3155,0.1709,0.1709,0.1709,0.181,0.181,0.1702,0.1702,72.1074,78.6953,0.8225,0.7561,0.5987,0.5249,2.0648,NA,NA,poor model fit,NA
Faculdade de Arquitetura e Urbanismo - FAU,Graduação (bacharelado),Presencial,NA,243,37,0.4917,238.989,99,0,2603.4229,120,0,0.9436,0.9317,0.9317,0.8887,0.9082,0.7493,0.9441,0.9436,-3577.9584,-3458.4639,7229.9168,7359.1601,243,7241.8754,0.0763,0.064,0.0887,4e-04,0.1125,0.1125,0.085,0.085,0.085,0.0905,0.0905,0.085,0.085,126.2933,137.9013,0.8945,0.8551,0.6512,0.7497,1.288,NA,NA,NA,NA
Centro de Tecnologia - CTEC,Graduação (bacharelado),Presencial,NA,289,37,0.4946,285.904,99,0,3551.1252,120,0,0.9455,0.934,0.934,0.9024,0.9195,0.7586,0.9459,0.9455,-3807.5578,-3664.6058,7689.1156,7824.7733,289,7707.4405,0.0808,0.07,0.0918,0,0.1711,0.1711,0.1156,0.1156,0.1156,0.1228,0.1228,0.1154,0.1154,125.5596,137.0996,0.8955,0.8564,0.6519,0.7237,1.2453,NA,NA,NA,NA
Campus Sertão (Delmiro Gouveia e Santana do Ipanema),Graduação (bacharelado),Presencial,NA,141,37,0.9525,268.5929,99,0,1795.9281,120,0,0.8988,0.8773,0.8773,0.8187,0.8504,0.7016,0.9001,0.8988,-1931.7218,-1797.4253,3937.4435,4046.5476,141,3929.4808,0.1102,0.0945,0.1262,0,0.1902,0.1902,0.1354,0.1354,0.1354,0.1438,0.1438,0.1352,0.1352,65.6881,71.6812,0.8197,0.7523,0.5967,0.548,2.4297,NA,NA,poor model fit,NA
Instituto de Psicologia - IP,Graduação (bacharelado),Presencial,NA,79,37,1.0847,171.3822,99,0,1051.128,120,0,0.9223,0.9058,0.9058,0.8024,0.837,0.6905,0.924,0.9223,-1124.4029,-1038.7119,2322.8059,2410.4755,79,2293.8125,0.0962,0.0715,0.12,0.0022,0.2284,0.2284,0.1551,0.1551,0.1551,0.1645,0.1645,0.1547,0.1547,57.8017,63.0642,0.8046,0.7316,0.5857,0.6325,3.1061,NA,NA,NA,NA
NA,Graduação (licenciatura),Presencial,NA,1203,37,0.4839,1164.2651,99,0,14139.9726,120,0,0.924,0.9079,0.9079,0.9002,0.9177,0.7571,0.9241,0.924,-18773.3774,-18191.2449,37620.7548,37809.18,1203,37691.6535,0.0946,0.0897,0.0995,0,0.1734,0.1734,0.1119,0.1119,0.1119,0.119,0.119,0.1118,0.1118,128.3249,140.1211,0.8981,0.86,0.6538,0.6423,1.0293,NA,NA,NA,NA
"Campus Arapiraca (Arapiraca, Palmeira dos Índios e Penedo)",Graduação (licenciatura),Presencial,NA,308,37,0.5172,318.582,99,0,3751.9815,120,0,0.9395,0.9267,0.9267,0.8971,0.9151,0.7549,0.9399,0.9395,-4401.1658,-4241.8748,8876.3317,9014.3454,308,8896.9969,0.0849,0.0745,0.0954,0,0.1387,0.1387,0.1092,0.1092,0.1092,0.1162,0.1162,0.1092,0.1092,120.1322,131.1694,0.8959,0.857,0.6522,0.7001,1.2746,NA,NA,NA,NA
"Instituto de Ciências Humanas, Comunicação e Artes - ICHCA",Graduação (licenciatura),Presencial,NA,142,37,0.8752,248.5523,99,0,1821.3393,120,0,0.9121,0.8935,0.8935,0.8346,0.8635,0.7124,0.9132,0.9121,-2287.7686,-2163.4924,4649.5372,4758.9028,142,4641.8323,0.1031,0.0872,0.1192,0,0.2338,0.2338,0.1378,0.1378,0.1378,0.1465,0.1465,0.1377,0.1377,71.3996,77.9219,0.8253,0.76,0.6008,0.5906,2.2715,NA,NA,poor model fit,NA
Faculdade de Letras - FALE,Graduação (licenciatura),Presencial,NA,119,37,0.5619,133.7289,99,0.0115,1747.3466,120,0,0.9787,0.9741,0.9741,0.9072,0.9235,0.7619,0.9789,0.9787,-1667.1221,-1600.2576,3408.2441,3511.0717,119,3394.1004,0.0543,0.0269,0.0765,0.3679,0.1626,0.1626,0.1082,0.1082,0.1082,0.1151,0.1151,0.1081,0.1081,110.6532,120.8122,0.8799,0.835,0.6405,0.8642,1.7456,NA,NA,NA,the model has close fit
Centro de Educação - CEDU,Graduação (licenciatura),Presencial,NA,330,37,0.5194,342.7763,99,0,3739.6553,120,0,0.9327,0.9184,0.9184,0.8889,0.9083,0.7494,0.933,0.9327,-5029.5218,-4858.1337,10133.0437,10273.6101,330,10156.2457,0.0864,0.0765,0.0965,0,0.1579,0.1579,0.1086,0.1086,0.1086,0.1155,0.1155,0.1085,0.1085,119.6322,130.6231,0.8909,0.8502,0.6486,0.6912,1.263,NA,NA,NA,NA
Campus Sertão (Delmiro Gouveia e Santana do Ipanema),Graduação (licenciatura),Presencial,NA,92,37,1.1448,210.6379,99,0,1128.3288,120,0,0.8893,0.8658,0.8658,0.7737,0.8133,0.671,0.8915,0.8893,-1443.528,-1338.209,2961.056,3054.3622,92,2937.5699,0.1107,0.09,0.1314,0,0.2712,0.2712,0.1533,0.1533,0.1533,0.1629,0.1629,0.1531,0.1531,54.8209,59.8072,0.7833,0.7024,0.5702,0.5451,3.0939,NA,NA,poor model fit,NA
NA,Mestrado,Presencial,NA,250,37,0.6122,306.0852,99,0,3050.6977,120,0,0.9293,0.9144,0.9144,0.8784,0.8997,0.7422,0.9298,0.9293,-3591.8686,-3438.8261,7257.7373,7388.0313,250,7270.7382,0.0915,0.0799,0.1032,0,0.1955,0.1955,0.1216,0.1216,0.1216,0.1292,0.1292,0.1214,0.1214,101.6462,110.9707,0.8677,0.8183,0.6316,0.6609,1.5203,NA,NA,NA,NA
NA,Doutorado,Presencial,NA,140,37,1.0394,291.0392,99,0,1511.2318,120,0,0.862,0.8327,0.8327,0.7666,0.8074,0.6661,0.864,0.862,-2085.7231,-1940.2035,4245.4461,4354.2869,140,4237.2237,0.1177,0.1022,0.1335,0,0.2575,0.2575,0.1526,0.1526,0.1526,0.1619,0.1619,0.1522,0.1522,60.2756,65.7673,0.7923,0.7146,0.5767,0.5037,2.6074,NA,unacceptable model fit,poor model fit,NA
NA,NA,Educação a Distância,NA,154,37,0.7051,217.1581,99,0,1808.7959,120,0,0.93,0.9152,0.9152,0.8545,0.8799,0.726,0.9309,0.93,-2379.0389,-2270.4599,4832.0778,4944.4451,154,4827.3345,0.088,0.0722,0.1039,1e-04,0.2401,0.2401,0.1308,0.1308,0.1308,0.1391,0.1391,0.1307,0.1307,88.3865,96.4826,0.8535,0.7988,0.6213,0.6814,1.8906,NA,NA,NA,NA
NA,NA,NA,Não Tem Nemhum Dispositivo,597,37,0.4601,549.4032,99,0,7186.9113,120,0,0.9363,0.9227,0.9227,0.9073,0.9236,0.7619,0.9365,0.9363,-9246.5023,-8971.8008,18567.0047,18729.5056,597,18612.0414,0.0873,0.0802,0.0945,0,0.1388,0.1388,0.0904,0.0904,0.0904,0.0961,0.0961,0.0903,0.0903,134.9007,147.3061,0.9057,0.8704,0.6593,0.6858,1.0442,NA,NA,NA,NA
"Campus Arapiraca (Arapiraca, Palmeira dos Índios e Penedo)",NA,NA,Não Tem Nemhum Dispositivo,141,37,0.8014,226.0051,99,0,1993.3063,120,0,0.9322,0.9178,0.9178,0.8626,0.8866,0.7315,0.933,0.9322,-1962.3026,-1849.3,3998.6052,4107.7093,141,3990.6424,0.0954,0.079,0.1118,0,0.1639,0.1639,0.1271,0.1271,0.1271,0.1351,0.1351,0.127,0.127,77.8777,85.0002,0.8395,0.7795,0.6111,0.6374,2.1277,NA,NA,NA,NA
Centro de Tecnologia - CTEC,NA,NA,Não Tem Nemhum Dispositivo,31,37,2.8432,176.2777,99,0,660.3269,120,0,0.857,0.8266,0.8266,0.6764,0.733,0.6048,0.8623,0.857,-450.8025,-362.6637,975.6051,1028.6626,31,913.3879,0.1587,0.1199,0.1963,0,0.3418,0.3418,0.1821,0.1821,0.1821,0.1902,0.1902,0.1799,0.1799,22.6703,24.6779,0.6677,0.5435,0.4861,0.2875,8.0735,NA,unacceptable model fit,poor model fit,NA
Centro de Educação - CEDU,NA,NA,Não Tem Nemhum Dispositivo,99,37,0.8083,160.0484,99,1e-04,1149.7496,120,0,0.9407,0.9281,0.9281,0.8313,0.8608,0.7102,0.9419,0.9407,-1577.3481,-1497.3239,3228.6961,3324.7155,99,3207.8676,0.0789,0.0557,0.1008,0.0231,0.1614,0.1614,0.1151,0.1151,0.1151,0.1223,0.1223,0.115,0.115,77.2226,84.2843,0.8556,0.8016,0.6228,0.7347,2.3641,NA,NA,NA,NA
NA,Graduação (bacharelado),NA,Não Tem Nemhum Dispositivo,297,37,0.6783,402.8842,99,0,3875.7549,120,0,0.9191,0.9019,0.9019,0.874,0.8961,0.7392,0.9195,0.9191,-4440.1469,-4238.7047,8954.2937,9090.9618,297,8973.6221,0.1017,0.0914,0.1121,0,0.1637,0.1637,0.1035,0.1035,0.1035,0.1097,0.1097,0.1031,0.1031,91.8397,100.2557,0.8634,0.8124,0.6285,0.5995,1.6057,NA,NA,poor model fit,NA
NA,Graduação (licenciatura),NA,Não Tem Nemhum Dispositivo,293,37,0.435,254.8959,99,0,3545.7223,120,0,0.9545,0.9448,0.9448,0.9129,0.9281,0.7657,0.9548,0.9545,-4529.7239,-4402.276,9133.4479,9269.6143,293,9152.278,0.0733,0.0623,0.0845,4e-04,0.1294,0.1294,0.091,0.091,0.091,0.0968,0.0968,0.0909,0.0909,142.646,155.769,0.911,0.8777,0.6631,0.7664,1.1225,NA,NA,NA,NA
Centro de Educação - CEDU,Graduação (licenciatura),NA,Não Tem Nemhum Dispositivo,97,37,0.8044,156.0548,99,2e-04,1152.2522,120,0,0.9447,0.933,0.933,0.8358,0.8646,0.7133,0.9458,0.9447,-1532.4725,-1454.4451,3138.945,3234.2093,97,3117.3764,0.0771,0.053,0.0995,0.034,0.1619,0.1619,0.1136,0.1136,0.1136,0.1207,0.1207,0.1134,0.1134,77.5939,84.6901,0.8556,0.8017,0.6228,0.7452,2.3717,NA,NA,NA,NA
NA,NA,Presencial,Não Tem Nemhum Dispositivo,589,37,0.4661,549.1233,99,0,7136.4939,120,0,0.9358,0.9222,0.9222,0.9067,0.9231,0.7615,0.936,0.9358,-9071.147,-8796.5854,18216.294,18378.2958,589,18260.8332,0.0879,0.0808,0.0951,0,0.1397,0.1397,0.0914,0.0914,0.0914,0.0972,0.0972,0.0913,0.0913,133.1737,145.4191,0.9041,0.8682,0.6581,0.6824,1.0579,NA,NA,NA,NA
"Campus Arapiraca (Arapiraca, Palmeira dos Índios e Penedo)",NA,Presencial,Não Tem Nemhum Dispositivo,141,37,0.8014,226.0051,99,0,1993.3063,120,0,0.9322,0.9178,0.9178,0.8626,0.8866,0.7315,0.933,0.9322,-1962.3026,-1849.3,3998.6052,4107.7093,141,3990.6424,0.0954,0.079,0.1118,0,0.1639,0.1639,0.1271,0.1271,0.1271,0.1351,0.1351,0.127,0.127,77.8777,85.0002,0.8395,0.7795,0.6111,0.6374,2.1277,NA,NA,NA,NA
Centro de Tecnologia - CTEC,NA,Presencial,Não Tem Nemhum Dispositivo,31,37,2.8432,176.2777,99,0,660.3269,120,0,0.857,0.8266,0.8266,0.6764,0.733,0.6048,0.8623,0.857,-450.8025,-362.6637,975.6051,1028.6626,31,913.3879,0.1587,0.1199,0.1963,0,0.3418,0.3418,0.1821,0.1821,0.1821,0.1902,0.1902,0.1799,0.1799,22.6703,24.6779,0.6677,0.5435,0.4861,0.2875,8.0735,NA,unacceptable model fit,poor model fit,NA
Centro de Educação - CEDU,NA,Presencial,Não Tem Nemhum Dispositivo,91,37,0.9024,164.232,99,0,1084.0503,120,0,0.9323,0.918,0.918,0.8164,0.8485,0.7,0.9338,0.9323,-1439.8937,-1357.7777,2953.7874,3046.6892,91,2929.9056,0.0851,0.0613,0.1077,0.0102,0.1668,0.1668,0.1215,0.1215,0.1215,0.1292,0.1292,0.1214,0.1214,69.2784,75.6042,0.8388,0.7785,0.6106,0.6988,2.6179,NA,NA,NA,NA
NA,Graduação (bacharelado),Presencial,Não Tem Nemhum Dispositivo,297,37,0.6783,402.8842,99,0,3875.7549,120,0,0.9191,0.9019,0.9019,0.874,0.8961,0.7392,0.9195,0.9191,-4440.1469,-4238.7047,8954.2937,9090.9618,297,8973.6221,0.1017,0.0914,0.1121,0,0.1637,0.1637,0.1035,0.1035,0.1035,0.1097,0.1097,0.1031,0.1031,91.8397,100.2557,0.8634,0.8124,0.6285,0.5995,1.6057,NA,NA,poor model fit,NA
NA,Graduação (licenciatura),Presencial,Não Tem Nemhum Dispositivo,285,37,0.4518,257.5075,99,0,3516.2934,120,0,0.9533,0.9434,0.9434,0.9112,0.9268,0.7646,0.9536,0.9533,-4348.749,-4219.9953,8771.498,8906.6401,285,8789.3109,0.075,0.0638,0.0862,2e-04,0.1305,0.1305,0.0924,0.0924,0.0924,0.0983,0.0983,0.0924,0.0924,137.3812,150.0165,0.9065,0.8716,0.6599,0.7572,1.1632,NA,NA,NA,NA
Centro de Educação - CEDU,Graduação (licenciatura),Presencial,Não Tem Nemhum Dispositivo,89,37,0.8963,159.5402,99,1e-04,1095.5997,120,0,0.9379,0.9248,0.9248,0.8235,0.8544,0.7049,0.9393,0.9379,-1389.0572,-1309.2871,2852.1144,2944.194,89,2827.4282,0.0829,0.0583,0.106,0.017,0.1673,0.1673,0.1196,0.1196,0.1196,0.1271,0.1271,0.1195,0.1195,69.7416,76.1102,0.8377,0.777,0.6098,0.7117,2.624,NA,NA,NA,NA
NA,NA,NA,Dispositivo Compartilhado,1879,37,0.3883,1459.3965,99,0,20373.1503,120,0,0.9328,0.9186,0.9186,0.9132,0.9284,0.7659,0.9329,0.9328,-28542.1893,-27812.491,57158.3785,57363.3028,1879,57245.7542,0.0855,0.0817,0.0894,0,0.158,0.158,0.1022,0.1022,0.1022,0.1086,0.1086,0.102,0.102,159.6548,174.3536,0.9115,0.8785,0.6636,0.6963,0.8161,NA,NA,NA,NA
"Instituto de Geografia, Desenvolvimento e Meio Ambiente - IGDEMA",NA,NA,Dispositivo Compartilhado,38,37,2.2752,172.9158,99,0,616.7002,120,0,0.8512,0.8196,0.8196,0.6601,0.7196,0.5937,0.8572,0.8512,-606.1967,-519.7388,1286.3935,1346.9842,38,1231.294,0.1402,0.1047,0.1744,1e-04,0.2591,0.2591,0.1518,0.1518,0.1518,0.1598,0.1598,0.1507,0.1507,28.08,30.5889,0.6844,0.5664,0.4982,0.3781,6.4978,NA,unacceptable model fit,poor model fit,NA
Campus CECA,NA,NA,Dispositivo Compartilhado,115,37,0.8314,191.2305,99,0,1495.8461,120,0,0.933,0.9187,0.9187,0.845,0.8722,0.7195,0.934,0.933,-1779.3217,-1683.7065,3632.6435,3734.206,115,3617.2559,0.09,0.0707,0.109,7e-04,0.1698,0.1698,0.1135,0.1135,0.1135,0.1208,0.1208,0.1135,0.1135,75.1038,81.9692,0.8451,0.7873,0.6152,0.6696,2.3064,NA,NA,NA,NA
"Campus Arapiraca (Arapiraca, Palmeira dos Índios e Penedo)",NA,NA,Dispositivo Compartilhado,378,37,0.4214,318.5726,99,0,3909.8028,120,0,0.9421,0.9298,0.9298,0.9012,0.9185,0.7578,0.9424,0.9421,-5373.1923,-5213.906,10820.3846,10965.9757,378,10848.5829,0.0766,0.0673,0.0861,0,0.119,0.119,0.0974,0.0974,0.0974,0.1035,0.1035,0.0973,0.0973,147.212,160.758,0.9056,0.8703,0.6592,0.7479,1.0386,NA,NA,NA,NA
"Instituto de Ciências Humanas, Comunicação e Artes - ICHCA",NA,NA,Dispositivo Compartilhado,110,37,0.9533,209.7349,99,0,1329.1774,120,0,0.9084,0.889,0.889,0.8087,0.8422,0.6948,0.91,0.9084,-1690.6463,-1585.7789,3455.2927,3555.2105,110,3438.2892,0.1008,0.0818,0.1198,0,0.2,0.2,0.1285,0.1285,0.1285,0.1368,0.1368,0.1285,0.1285,65.6281,71.6157,0.8325,0.7698,0.606,0.6045,2.5794,NA,NA,poor model fit,NA
Faculdade de Arquitetura e Urbanismo - FAU,NA,NA,Dispositivo Compartilhado,87,37,0.9442,164.2853,99,0,948.1806,120,0,0.9212,0.9044,0.9044,0.79,0.8267,0.6821,0.9231,0.9212,-1358.0414,-1275.8988,2790.0829,2881.3215,87,2764.5744,0.0871,0.0628,0.1102,0.0085,0.1445,0.1445,0.1066,0.1066,0.1066,0.1133,0.1133,0.1065,0.1065,66.256,72.3017,0.8326,0.7701,0.6061,0.6871,2.7389,NA,NA,NA,NA
Centro de Tecnologia - CTEC,NA,NA,Dispositivo Compartilhado,122,37,0.5495,134.0833,99,0.0109,1617.1822,120,0,0.9766,0.9716,0.9716,0.8995,0.9171,0.7566,0.9769,0.9766,-1486.899,-1419.8573,3047.7979,3151.5467,122,3034.5603,0.0539,0.027,0.0758,0.3765,0.135,0.135,0.101,0.101,0.101,0.1073,0.1073,0.1009,0.1009,113.1204,123.508,0.888,0.8461,0.6464,0.8661,1.7056,NA,NA,NA,the model has close fit
Faculdade de Letras - FALE,NA,NA,Dispositivo Compartilhado,84,37,0.6588,110.6808,99,0.1986,1039.9855,120,0,0.9873,0.9846,0.9846,0.871,0.8936,0.7372,0.9876,0.9873,-1179.606,-1124.2656,2433.212,2523.1522,84,2406.4348,0.0375,0,0.0708,0.6954,0.1209,0.1209,0.0979,0.0979,0.0979,0.1042,0.1042,0.0979,0.0979,94.5204,103.1848,0.8686,0.8194,0.6323,0.9328,2.1986,NA,NA,NA,the model has close fit
Centro de Educação - CEDU,NA,NA,Dispositivo Compartilhado,230,37,0.6359,292.4996,99,0,2641.7455,120,0,0.9233,0.907,0.907,0.8658,0.8893,0.7337,0.9239,0.9233,-3444.0643,-3297.8144,6962.1285,7089.3374,230,6972.0698,0.0922,0.0801,0.1045,0,0.206,0.206,0.1264,0.1264,0.1264,0.134,0.134,0.1261,0.1261,97.8952,106.8722,0.8632,0.812,0.6283,0.6566,1.5935,NA,NA,NA,NA
Instituto de Ciências Biológicas e da Saúde - ICBS,NA,NA,Dispositivo Compartilhado,68,37,1.6296,221.6262,99,0,901.3561,120,0,0.8431,0.8098,0.8098,0.702,0.7541,0.6221,0.8472,0.8431,-917.78,-806.9669,1909.5601,1991.6819,68,1875.1664,0.135,0.1112,0.1588,0,0.1792,0.1792,0.1405,0.1405,0.1405,0.1484,0.1484,0.1397,0.1397,38.8083,42.3111,0.7559,0.6646,0.5502,0.4059,4.3474,unacceptable model fit,unacceptable model fit,poor model fit,NA
Campus Sertão (Delmiro Gouveia e Santana do Ipanema),NA,NA,Dispositivo Compartilhado,94,37,1.2047,226.4746,99,0,1106.0859,120,0,0.8707,0.8433,0.8433,0.7518,0.7952,0.6561,0.8734,0.8707,-1494.4602,-1381.2229,3062.9203,3157.0222,94,3040.2132,0.117,0.097,0.1372,0,0.2345,0.2345,0.1515,0.1515,0.1515,0.1603,0.1603,0.1509,0.1509,52.1456,56.884,0.79,0.7116,0.5751,0.5076,3.1965,NA,unacceptable model fit,poor model fit,NA
Instituto de Educação Física e Esporte - IEFE,NA,NA,Dispositivo Compartilhado,42,37,2.2918,192.5137,99,0,627.2095,120,0,0.8156,0.7765,0.7765,0.628,0.6931,0.5718,0.823,0.8156,-604.1231,-507.8663,1282.2463,1346.54,42,1230.6733,0.15,0.1181,0.1814,0,0.3252,0.3252,0.2013,0.2013,0.2013,0.2138,0.2138,0.2009,0.2009,27.8836,30.3743,0.675,0.5535,0.4913,0.3285,6.3456,unacceptable model fit,unacceptable model fit,poor model fit,NA
NA,Graduação (bacharelado),NA,Dispositivo Compartilhado,1098,37,0.3922,861.2816,99,0,11949.0637,120,0,0.9356,0.9219,0.9219,0.9126,0.9279,0.7655,0.9357,0.9356,-16117.4531,-15686.8123,32308.9062,32493.9523,1098,32376.4316,0.0837,0.0786,0.0889,0,0.1451,0.1451,0.0986,0.0986,0.0986,0.1049,0.1049,0.0985,0.0985,158.093,172.6471,0.913,0.8805,0.6646,0.7067,0.8518,NA,NA,NA,NA
Campus CECA,Graduação (bacharelado),NA,Dispositivo Compartilhado,105,37,0.8992,188.8318,99,0,1365.3218,120,0,0.9279,0.9126,0.9126,0.8324,0.8617,0.7109,0.9291,0.9279,-1616.6251,-1522.2092,3307.2501,3405.4467,105,3288.5568,0.093,0.0726,0.113,6e-04,0.1725,0.1725,0.1195,0.1195,0.1195,0.127,0.127,0.1194,0.1194,69.5194,75.8675,0.8348,0.7731,0.6077,0.652,2.5032,NA,NA,NA,NA
"Campus Arapiraca (Arapiraca, Palmeira dos Índios e Penedo)",Graduação (bacharelado),NA,Dispositivo Compartilhado,216,37,0.5367,231.8555,99,0,2151.8855,120,0,0.9346,0.9207,0.9207,0.8694,0.8923,0.7361,0.9353,0.9346,-2953.9612,-2838.0334,5981.9224,6106.8077,216,5989.5607,0.0788,0.0657,0.092,3e-04,0.0979,0.0979,0.0884,0.0884,0.0884,0.094,0.094,0.0883,0.0883,115.7984,126.4341,0.8837,0.8403,0.6433,0.7353,1.416,NA,NA,NA,NA
Faculdade de Arquitetura e Urbanismo - FAU,Graduação (bacharelado),NA,Dispositivo Compartilhado,82,37,0.9251,151.7153,99,5e-04,907.2209,120,0,0.933,0.9188,0.9188,0.7973,0.8328,0.687,0.9348,0.933,-1273.4852,-1197.6276,2620.9705,2710.0191,82,2593.3227,0.0806,0.0537,0.1053,0.0332,0.1438,0.1438,0.1043,0.1043,0.1043,0.1109,0.1109,0.1042,0.1042,67.6015,73.7719,0.8327,0.7702,0.6062,0.7251,2.7526,NA,NA,NA,NA
Centro de Tecnologia - CTEC,Graduação (bacharelado),NA,Dispositivo Compartilhado,118,37,0.6026,142.2151,99,0.0029,1593.1752,120,0,0.9707,0.9644,0.9644,0.8918,0.9107,0.7514,0.9711,0.9707,-1393.6767,-1322.5691,2861.3534,2963.8687,118,2846.9026,0.0608,0.0364,0.0822,0.2097,0.127,0.127,0.0967,0.0967,0.0967,0.1028,0.1028,0.0966,0.0966,103.2435,112.716,0.8797,0.8348,0.6404,0.8327,1.8323,NA,NA,NA,the model has close fit
NA,Graduação (licenciatura),NA,Dispositivo Compartilhado,620,37,0.4413,547.2622,99,0,6720.297,120,0,0.9321,0.9177,0.9177,0.9013,0.9186,0.7578,0.9323,0.9321,-9618.6048,-9344.9737,19311.2097,19475.1093,620,19357.6405,0.0855,0.0785,0.0925,0,0.1381,0.1381,0.0932,0.0932,0.0932,0.099,0.099,0.093,0.093,140.6034,153.5371,0.8996,0.8621,0.6548,0.6966,1.002,NA,NA,NA,NA
"Campus Arapiraca (Arapiraca, Palmeira dos Índios e Penedo)",Graduação (licenciatura),NA,Dispositivo Compartilhado,159,37,0.5906,187.798,99,0,1856.564,120,0,0.9489,0.938,0.938,0.8774,0.8988,0.7415,0.9495,0.9489,-2281.4388,-2187.5398,4636.8775,4750.427,159,4633.3015,0.0751,0.0586,0.0914,0.0078,0.1406,0.1406,0.1187,0.1187,0.1187,0.1261,0.1261,0.1185,0.1185,105.3292,114.9949,0.8748,0.828,0.6368,0.7564,1.6465,NA,NA,NA,NA
Faculdade de Letras - FALE,Graduação (licenciatura),NA,Dispositivo Compartilhado,70,37,0.7904,110.6609,99,0.199,879.1917,120,0,0.9846,0.9814,0.9814,0.8474,0.8741,0.7212,0.9851,0.9846,-945.4321,-890.1017,1964.8643,2048.0586,70,1931.5129,0.041,0,0.0775,0.6201,0.1194,0.1194,0.0944,0.0944,0.0944,0.1005,0.1005,0.0944,0.0944,78.9477,86.1693,0.8448,0.7867,0.6149,0.9201,2.638,NA,NA,NA,the model has close fit
Centro de Educação - CEDU,Graduação (licenciatura),NA,Dispositivo Compartilhado,178,37,0.6881,244.9786,99,0,2072.9638,120,0,0.9253,0.9094,0.9094,0.8568,0.8818,0.7275,0.926,0.9253,-2651.5396,-2529.0503,5377.0793,5494.8053,178,5377.6307,0.091,0.0767,0.1054,0,0.1504,0.1504,0.105,0.105,0.105,0.1116,0.1116,0.1049,0.1049,90.5347,98.8298,0.8525,0.7973,0.6206,0.6636,1.792,NA,NA,NA,NA
Campus Sertão (Delmiro Gouveia e Santana do Ipanema),Graduação (licenciatura),NA,Dispositivo Compartilhado,38,37,1.9776,150.2993,99,7e-04,514.512,120,0,0.87,0.8424,0.8424,0.6459,0.7079,0.584,0.8765,0.87,-660.5996,-585.4499,1395.1991,1455.7898,38,1340.0997,0.1168,0.0768,0.1533,0.0064,0.3244,0.3244,0.1838,0.1838,0.1838,0.1948,0.1948,0.1831,0.1831,32.1549,35.0413,0.7075,0.5981,0.515,0.5092,5.9026,NA,unacceptable model fit,poor model fit,NA
NA,Mestrado,NA,Dispositivo Compartilhado,93,37,1.0033,186.6124,99,0,1252.8248,120,0,0.9227,0.9063,0.9063,0.8195,0.851,0.7021,0.9241,0.9227,-1417.8482,-1324.542,2909.6964,3003.4025,93,2886.6018,0.0975,0.0758,0.1189,4e-04,0.2754,0.2754,0.1603,0.1603,0.1603,0.1702,0.1702,0.16,0.16,62.4104,68.0999,0.8021,0.7281,0.5839,0.6244,2.8023,NA,NA,NA,NA
NA,NA,Presencial,Dispositivo Compartilhado,1787,37,0.3857,1378.3437,99,0,19456.2273,120,0,0.9338,0.9198,0.9198,0.9141,0.9292,0.7666,0.9339,0.9338,-26834.9241,-26145.7523,53743.8482,53946.9151,1787,53829.3685,0.085,0.0811,0.0891,0,0.1525,0.1525,0.1011,0.1011,0.1011,0.1074,0.1074,0.101,0.101,160.7595,175.5607,0.9122,0.8794,0.664,0.6991,0.8127,NA,NA,NA,NA
Campus CECA,NA,Presencial,Dispositivo Compartilhado,113,37,0.828,187.1202,99,0,1459.6049,120,0,0.9342,0.9203,0.9203,0.8446,0.8718,0.7192,0.9352,0.9342,-1738.9272,-1645.3671,3551.8544,3652.7678,113,3535.8289,0.0888,0.0691,0.1081,0.0012,0.1722,0.1722,0.1159,0.1159,0.1159,0.1232,0.1232,0.1158,0.1158,75.4144,82.3087,0.8441,0.7858,0.6144,0.6771,2.3108,NA,NA,NA,NA
"Campus Arapiraca (Arapiraca, Palmeira dos Índios e Penedo)",NA,Presencial,Dispositivo Compartilhado,359,37,0.3864,277.4654,99,0,3678.9451,120,0,0.9499,0.9392,0.9392,0.9086,0.9246,0.7628,0.9501,0.9499,-4984.4565,-4845.7237,10042.9129,10186.5959,359,10069.2134,0.0709,0.0611,0.0808,3e-04,0.1022,0.1022,0.0874,0.0874,0.0874,0.093,0.093,0.0874,0.0874,160.4355,175.2067,0.9145,0.8826,0.6657,0.7799,0.979,NA,NA,NA,NA
"Instituto de Ciências Humanas, Comunicação e Artes - ICHCA",NA,Presencial,Dispositivo Compartilhado,110,37,0.9533,209.7349,99,0,1329.1774,120,0,0.9084,0.889,0.889,0.8087,0.8422,0.6948,0.91,0.9084,-1690.6463,-1585.7789,3455.2927,3555.2105,110,3438.2892,0.1008,0.0818,0.1198,0,0.2,0.2,0.1285,0.1285,0.1285,0.1368,0.1368,0.1285,0.1285,65.6281,71.6157,0.8325,0.7698,0.606,0.6045,2.5794,NA,NA,poor model fit,NA
Faculdade de Arquitetura e Urbanismo - FAU,NA,Presencial,Dispositivo Compartilhado,87,37,0.9442,164.2853,99,0,948.1806,120,0,0.9212,0.9044,0.9044,0.79,0.8267,0.6821,0.9231,0.9212,-1358.0414,-1275.8988,2790.0829,2881.3215,87,2764.5744,0.0871,0.0628,0.1102,0.0085,0.1445,0.1445,0.1066,0.1066,0.1066,0.1133,0.1133,0.1065,0.1065,66.256,72.3017,0.8326,0.7701,0.6061,0.6871,2.7389,NA,NA,NA,NA
Centro de Tecnologia - CTEC,NA,Presencial,Dispositivo Compartilhado,122,37,0.5495,134.0833,99,0.0109,1617.1822,120,0,0.9766,0.9716,0.9716,0.8995,0.9171,0.7566,0.9769,0.9766,-1486.899,-1419.8573,3047.7979,3151.5467,122,3034.5603,0.0539,0.027,0.0758,0.3765,0.135,0.135,0.101,0.101,0.101,0.1073,0.1073,0.1009,0.1009,113.1204,123.508,0.888,0.8461,0.6464,0.8661,1.7056,NA,NA,NA,the model has close fit
Faculdade de Letras - FALE,NA,Presencial,Dispositivo Compartilhado,81,37,0.7455,120.7769,99,0.0677,1075.2493,120,0,0.9772,0.9724,0.9724,0.8638,0.8877,0.7323,0.9777,0.9772,-1108.536,-1048.1475,2291.0719,2379.6665,81,2262.981,0.0521,0,0.0818,0.4408,0.1223,0.1223,0.1003,0.1003,0.1003,0.1068,0.1068,0.1003,0.1003,83.642,91.2985,0.8547,0.8005,0.6222,0.8742,2.4047,NA,NA,NA,the model has close fit
Centro de Educação - CEDU,NA,Presencial,Dispositivo Compartilhado,185,37,0.682,252.3228,99,0,2155.5463,120,0,0.9247,0.9087,0.9087,0.8581,0.8829,0.7284,0.9254,0.9247,-2707.3806,-2581.2192,5488.7612,5607.9143,185,5490.7242,0.0915,0.0776,0.1056,0,0.1898,0.1898,0.1318,0.1318,0.1318,0.1398,0.1398,0.1314,0.1314,91.3472,99.7176,0.8582,0.8053,0.6248,0.6607,1.7639,NA,NA,NA,NA
Instituto de Ciências Biológicas e da Saúde - ICBS,NA,Presencial,Dispositivo Compartilhado,68,37,1.6296,221.6262,99,0,901.3561,120,0,0.8431,0.8098,0.8098,0.702,0.7541,0.6221,0.8472,0.8431,-917.78,-806.9669,1909.5601,1991.6819,68,1875.1664,0.135,0.1112,0.1588,0,0.1792,0.1792,0.1405,0.1405,0.1405,0.1484,0.1484,0.1397,0.1397,38.8083,42.3111,0.7559,0.6646,0.5502,0.4059,4.3474,unacceptable model fit,unacceptable model fit,poor model fit,NA
Campus Sertão (Delmiro Gouveia e Santana do Ipanema),NA,Presencial,Dispositivo Compartilhado,87,37,1.2401,215.7774,99,0,1007.9275,120,0,0.8685,0.8406,0.8406,0.7405,0.7859,0.6484,0.8715,0.8685,-1355.5076,-1247.6189,2785.0151,2876.2537,87,2759.5067,0.1164,0.0953,0.1376,0,0.203,0.203,0.1405,0.1405,0.1405,0.1484,0.1484,0.1397,0.1397,50.6836,55.2866,0.7876,0.7083,0.5734,0.5111,3.3308,NA,unacceptable model fit,poor model fit,NA
Instituto de Educação Física e Esporte - IEFE,NA,Presencial,Dispositivo Compartilhado,42,37,2.2918,192.5137,99,0,627.2095,120,0,0.8156,0.7765,0.7765,0.628,0.6931,0.5718,0.823,0.8156,-604.1231,-507.8663,1282.2463,1346.54,42,1230.6733,0.15,0.1181,0.1814,0,0.3252,0.3252,0.2013,0.2013,0.2013,0.2138,0.2138,0.2009,0.2009,27.8836,30.3743,0.675,0.5535,0.4913,0.3285,6.3456,unacceptable model fit,unacceptable model fit,poor model fit,NA
NA,Graduação (bacharelado),Presencial,Dispositivo Compartilhado,1092,37,0.3904,852.5829,99,0,11971.5422,120,0,0.9364,0.9229,0.9229,0.9137,0.9288,0.7662,0.9365,0.9364,-15957.3422,-15531.0507,31988.6844,32173.5277,1092,32056.0074,0.0835,0.0784,0.0887,0,0.1461,0.1461,0.0994,0.0994,0.0994,0.1057,0.1057,0.0993,0.0993,158.8286,173.4508,0.9131,0.8807,0.6647,0.7082,0.8485,NA,NA,NA,NA
Campus CECA,Graduação (bacharelado),Presencial,Dispositivo Compartilhado,105,37,0.8992,188.8318,99,0,1365.3218,120,0,0.9279,0.9126,0.9126,0.8324,0.8617,0.7109,0.9291,0.9279,-1616.6251,-1522.2092,3307.2501,3405.4467,105,3288.5568,0.093,0.0726,0.113,6e-04,0.1725,0.1725,0.1195,0.1195,0.1195,0.127,0.127,0.1194,0.1194,69.5194,75.8675,0.8348,0.7731,0.6077,0.652,2.5032,NA,NA,NA,NA
"Campus Arapiraca (Arapiraca, Palmeira dos Índios e Penedo)",Graduação (bacharelado),Presencial,Dispositivo Compartilhado,215,37,0.5272,226.7052,99,0,2188.0649,120,0,0.9382,0.9252,0.9252,0.8744,0.8964,0.7395,0.9389,0.9382,-2913.3621,-2800.0095,5900.7243,6025.4379,215,5908.1925,0.0775,0.0642,0.0908,5e-04,0.0978,0.0978,0.088,0.088,0.088,0.0936,0.0936,0.088,0.088,117.8629,128.6898,0.8855,0.8428,0.6446,0.7431,1.3986,NA,NA,NA,NA
Faculdade de Arquitetura e Urbanismo - FAU,Graduação (bacharelado),Presencial,Dispositivo Compartilhado,82,37,0.9251,151.7153,99,5e-04,907.2209,120,0,0.933,0.9188,0.9188,0.7973,0.8328,0.687,0.9348,0.933,-1273.4852,-1197.6276,2620.9705,2710.0191,82,2593.3227,0.0806,0.0537,0.1053,0.0332,0.1438,0.1438,0.1043,0.1043,0.1043,0.1109,0.1109,0.1042,0.1042,67.6015,73.7719,0.8327,0.7702,0.6062,0.7251,2.7526,NA,NA,NA,NA
Centro de Tecnologia - CTEC,Graduação (bacharelado),Presencial,Dispositivo Compartilhado,118,37,0.6026,142.2151,99,0.0029,1593.1752,120,0,0.9707,0.9644,0.9644,0.8918,0.9107,0.7514,0.9711,0.9707,-1393.6767,-1322.5691,2861.3534,2963.8687,118,2846.9026,0.0608,0.0364,0.0822,0.2097,0.127,0.127,0.0967,0.0967,0.0967,0.1028,0.1028,0.0966,0.0966,103.2435,112.716,0.8797,0.8348,0.6404,0.8327,1.8323,NA,NA,NA,the model has close fit
NA,Graduação (licenciatura),Presencial,Dispositivo Compartilhado,550,37,0.4559,501.4609,99,0,6015.6249,120,0,0.9317,0.9173,0.9173,0.899,0.9166,0.7562,0.932,0.9317,-8333.3424,-8082.6119,16740.6848,16900.1518,550,16782.6981,0.086,0.0786,0.0935,0,0.1368,0.1368,0.0955,0.0955,0.0955,0.1015,0.1015,0.0954,0.0954,136.1528,148.6743,0.8972,0.8588,0.6531,0.6936,1.0463,NA,NA,NA,NA
"Campus Arapiraca (Arapiraca, Palmeira dos Índios e Penedo)",Graduação (licenciatura),Presencial,Dispositivo Compartilhado,142,37,0.5438,154.4417,99,3e-04,1623.684,120,0,0.9631,0.9553,0.9553,0.8847,0.9049,0.7465,0.9636,0.9631,-1959.9294,-1882.7086,3993.8588,4103.2244,142,3986.1539,0.0628,0.0427,0.0814,0.1363,0.1121,0.1121,0.1029,0.1029,0.1029,0.1096,0.1096,0.1029,0.1029,114.2983,124.795,0.8877,0.8457,0.6462,0.8227,1.6087,NA,NA,NA,the model has close fit
Faculdade de Letras - FALE,Graduação (licenciatura),Presencial,Dispositivo Compartilhado,67,37,0.915,122.6055,99,0.0541,965.3937,120,0,0.9721,0.9662,0.9662,0.8461,0.873,0.7202,0.9728,0.9721,-847.649,-786.3462,1769.2979,1850.8715,67,1734.3719,0.0597,0,0.0918,0.3193,0.1194,0.1194,0.096,0.096,0.096,0.1021,0.1021,0.0959,0.0959,68.3386,74.5773,0.8276,0.7632,0.6025,0.8385,2.9344,NA,NA,NA,the model has close fit
Centro de Educação - CEDU,Graduação (licenciatura),Presencial,Dispositivo Compartilhado,148,37,0.7125,210.911,99,0,1763.1091,120,0,0.9319,0.9174,0.9174,0.855,0.8804,0.7263,0.9328,0.9319,-2107.0226,-2001.5671,4288.0452,4398.9421,148,4281.8508,0.0874,0.071,0.1037,2e-04,0.1561,0.1561,0.1167,0.1167,0.1167,0.1241,0.1241,0.1166,0.1166,87.4693,95.4804,0.8521,0.7969,0.6203,0.6852,1.9251,NA,NA,NA,NA
Campus Sertão (Delmiro Gouveia e Santana do Ipanema),Graduação (licenciatura),Presencial,Dispositivo Compartilhado,31,37,2.4137,149.6511,99,8e-04,419.773,120,0,0.831,0.7952,0.7952,0.5679,0.6435,0.5309,0.8421,0.831,-521.6865,-446.861,1117.373,1170.4306,31,1055.1558,0.1285,0.084,0.169,0.005,0.2423,0.2423,0.1585,0.1585,0.1585,0.1676,0.1676,0.1577,0.1577,26.5259,28.8908,0.6794,0.5596,0.4946,0.4418,7.2146,unacceptable model fit,unacceptable model fit,poor model fit,NA
NA,Mestrado,Presencial,Dispositivo Compartilhado,93,37,1.0033,186.6124,99,0,1252.8248,120,0,0.9227,0.9063,0.9063,0.8195,0.851,0.7021,0.9241,0.9227,-1417.8482,-1324.542,2909.6964,3003.4025,93,2886.6018,0.0975,0.0758,0.1189,4e-04,0.2754,0.2754,0.1603,0.1603,0.1603,0.1702,0.1702,0.16,0.16,62.4104,68.0999,0.8021,0.7281,0.5839,0.6244,2.8023,NA,NA,NA,NA
NA,NA,NA,Dispositivo Próprio,1893,37,0.4896,1853.5051,99,0,20891.8397,120,0,0.9155,0.8976,0.8976,0.8925,0.9113,0.7518,0.9156,0.9155,-27086.6938,-26159.9413,54247.3876,54452.5866,1893,54335.0377,0.0968,0.0929,0.1006,0,0.1625,0.1625,0.106,0.106,0.106,0.1126,0.1126,0.1058,0.1058,126.8509,138.5106,0.8927,0.8526,0.6498,0.6291,1.0182,NA,NA,NA,NA
"Campus Arapiraca (Arapiraca, Palmeira dos Índios e Penedo)",NA,NA,Dispositivo Próprio,271,37,0.7384,400.2139,99,0,3059.8717,120,0,0.8975,0.8758,0.8758,0.8415,0.8692,0.7171,0.8983,0.8975,-3797.9581,-3597.8512,7669.9163,7803.1947,271,7685.8787,0.106,0.0952,0.1169,0,0.1396,0.1396,0.1042,0.1042,0.1042,0.1109,0.1109,0.1042,0.1042,84.4405,92.1709,0.8779,0.8323,0.6391,0.5736,1.7499,NA,NA,poor model fit,NA
"Faculdade de Economia, Administração e Contabilidade - FEAC",NA,NA,Dispositivo Próprio,111,37,1.1103,246.4825,99,0,1415.0409,120,0,0.8861,0.862,0.862,0.7889,0.8258,0.6813,0.8879,0.8861,-1590.7848,-1467.5436,3255.5697,3355.8223,111,3238.895,0.1158,0.0978,0.1341,0,0.3449,0.3449,0.195,0.195,0.195,0.2067,0.2067,0.1944,0.1944,56.4928,61.634,0.7954,0.7189,0.579,0.5146,2.8872,NA,NA,poor model fit,NA
"Instituto de Ciências Humanas, Comunicação e Artes - ICHCA",NA,NA,Dispositivo Próprio,92,37,1.063,195.5988,99,0,1162.0382,120,0,0.9073,0.8876,0.8876,0.796,0.8317,0.6861,0.9091,0.9073,-1417.9668,-1320.1673,2909.9335,3003.2397,92,2886.4474,0.103,0.0816,0.1241,1e-04,0.2715,0.2715,0.1535,0.1535,0.1535,0.1619,0.1619,0.1525,0.1525,58.959,64.3287,0.797,0.7211,0.5801,0.5916,2.9304,NA,NA,poor model fit,NA
Centro de Educação - CEDU,NA,NA,Dispositivo Próprio,167,37,0.6268,209.365,99,0,1720.8092,120,0,0.9311,0.9164,0.9164,0.8525,0.8783,0.7246,0.9319,0.9311,-2424.5375,-2319.855,4923.0749,5038.4407,167,4921.2932,0.0817,0.0663,0.0971,6e-04,0.2294,0.2294,0.1383,0.1383,0.1383,0.147,0.147,0.1381,0.1381,99.2906,108.3969,0.8712,0.8231,0.6342,0.7186,1.6968,NA,NA,NA,NA
Instituto de Ciências Biológicas e da Saúde - ICBS,NA,NA,Dispositivo Próprio,60,37,1.6126,193.5107,99,0,785.5026,120,0,0.858,0.8279,0.8279,0.7014,0.7536,0.6218,0.8623,0.858,-880.6481,-783.8927,1835.2962,1912.7869,60,1796.4122,0.1261,0.0996,0.1524,0,0.205,0.205,0.1418,0.1418,0.1418,0.1506,0.1506,0.1416,0.1416,39.2073,42.747,0.7442,0.6486,0.5418,0.4549,4.4585,NA,unacceptable model fit,poor model fit,NA
NA,Graduação (bacharelado),NA,Dispositivo Próprio,1222,37,0.4662,1139.3868,99,0,13653.8112,120,0,0.9231,0.9068,0.9068,0.8989,0.9166,0.7562,0.9232,0.9231,-16274.8058,-15705.1124,32623.6116,32812.6167,1222,32695.0892,0.0927,0.0879,0.0976,0,0.1603,0.1603,0.1096,0.1096,0.1096,0.1165,0.1165,0.1095,0.1095,133.1599,145.404,0.8949,0.8557,0.6515,0.6533,0.993,NA,NA,NA,NA
"Campus Arapiraca (Arapiraca, Palmeira dos Índios e Penedo)",Graduação (bacharelado),NA,Dispositivo Próprio,173,37,0.8802,304.5639,99,0,2066.1919,120,0,0.8944,0.872,0.872,0.8213,0.8526,0.7034,0.8955,0.8944,-2321.2512,-2168.9693,4716.5025,4833.1743,173,4716.0116,0.1096,0.0957,0.1237,0,0.1518,0.1518,0.1207,0.1207,0.1207,0.1285,0.1285,0.1207,0.1207,70.995,77.4798,0.843,0.7843,0.6136,0.5521,2.1882,NA,NA,poor model fit,NA
"Faculdade de Economia, Administração e Contabilidade - FEAC",Graduação (bacharelado),NA,Dispositivo Próprio,110,37,1.101,242.2153,99,0,1397.2018,120,0,0.8879,0.8641,0.8641,0.7899,0.8266,0.682,0.8897,0.8879,-1581.3488,-1460.2412,3236.6976,3336.6154,110,3219.6941,0.1147,0.0965,0.1331,0,0.3414,0.3414,0.193,0.193,0.193,0.2047,0.2047,0.1925,0.1925,56.9617,62.1463,0.7968,0.7209,0.5801,0.5215,2.8747,NA,NA,poor model fit,NA
NA,Graduação (licenciatura),NA,Dispositivo Próprio,403,37,0.7449,600.3939,99,0,4741.0747,120,0,0.8915,0.8685,0.8685,0.8465,0.8734,0.7205,0.892,0.8915,-6165.725,-5865.528,12405.45,12553.4107,403,12436.0058,0.1121,0.1036,0.1208,0,0.1618,0.1618,0.1104,0.1104,0.1104,0.1174,0.1174,0.1103,0.1103,83.712,91.3749,0.8705,0.8221,0.6337,0.5368,1.6734,NA,NA,poor model fit,NA
"Instituto de Ciências Humanas, Comunicação e Artes - ICHCA",Graduação (licenciatura),NA,Dispositivo Próprio,49,37,1.8113,177.5119,99,0,727.1988,120,0,0.8707,0.8433,0.8433,0.7041,0.7559,0.6236,0.875,0.8707,-753.4675,-664.7115,1580.935,1650.9324,49,1534.8246,0.1272,0.0965,0.1571,1e-04,0.2913,0.2913,0.1787,0.1787,0.1787,0.1889,0.1889,0.1778,0.1778,35.0148,38.1662,0.7082,0.5991,0.5155,0.4488,5.1329,NA,unacceptable model fit,poor model fit,NA
Centro de Educação - CEDU,Graduação (licenciatura),NA,Dispositivo Próprio,107,37,0.7581,162.2264,99,1e-04,1193.456,120,0,0.9411,0.9286,0.9286,0.8352,0.8641,0.7129,0.9422,0.9411,-1572.681,-1491.5678,3219.3619,3318.2566,107,3201.3538,0.0773,0.0551,0.0982,0.0239,0.1586,0.1586,0.1153,0.1153,0.1153,0.1227,0.1227,0.1153,0.1153,82.2759,89.8058,0.8593,0.8067,0.6255,0.7442,2.2077,NA,NA,NA,NA
NA,Doutorado,NA,Dispositivo Próprio,97,37,1.387,269.0777,99,0,1077.6619,120,0,0.8224,0.7847,0.7847,0.6973,0.7503,0.619,0.8262,0.8224,-1508.3528,-1373.8139,3090.7056,3185.9699,97,3069.137,0.1331,0.1141,0.1523,0,0.2449,0.2449,0.1464,0.1464,0.1464,0.1551,0.1551,0.1458,0.1458,45.4215,49.537,0.753,0.6607,0.5481,0.4162,3.5369,unacceptable model fit,unacceptable model fit,poor model fit,NA
NA,NA,Presencial,Dispositivo Próprio,1839,37,0.4948,1819.8026,99,0,20336.0541,120,0,0.9149,0.8968,0.8968,0.8915,0.9105,0.7512,0.915,0.9149,-26074.0111,-25164.1099,52222.0223,52426.1505,1839,52308.6027,0.0972,0.0933,0.1012,0,0.1639,0.1639,0.1076,0.1076,0.1076,0.1143,0.1143,0.1075,0.1075,125.5251,137.062,0.8912,0.8505,0.6487,0.6263,1.0298,NA,NA,NA,NA
"Campus Arapiraca (Arapiraca, Palmeira dos Índios e Penedo)",NA,Presencial,Dispositivo Próprio,264,37,0.7686,405.8058,99,0,2955.8325,120,0,0.8918,0.8689,0.8689,0.8336,0.8627,0.7117,0.8926,0.8918,-3652.8774,-3449.9745,7379.7548,7512.0649,264,7394.7562,0.1083,0.0975,0.1194,0,0.1394,0.1394,0.1083,0.1083,0.1083,0.1152,0.1152,0.1082,0.1082,81.1651,88.5921,0.8756,0.8291,0.6374,0.5593,1.8174,NA,NA,poor model fit,NA
"Faculdade de Economia, Administração e Contabilidade - FEAC",NA,Presencial,Dispositivo Próprio,111,37,1.1103,246.4825,99,0,1415.0409,120,0,0.8861,0.862,0.862,0.7889,0.8258,0.6813,0.8879,0.8861,-1590.7848,-1467.5436,3255.5697,3355.8223,111,3238.895,0.1158,0.0978,0.1341,0,0.3449,0.3449,0.195,0.195,0.195,0.2067,0.2067,0.1944,0.1944,56.4928,61.634,0.7954,0.7189,0.579,0.5146,2.8872,NA,NA,poor model fit,NA
"Instituto de Ciências Humanas, Comunicação e Artes - ICHCA",NA,Presencial,Dispositivo Próprio,92,37,1.063,195.5988,99,0,1162.0382,120,0,0.9073,0.8876,0.8876,0.796,0.8317,0.6861,0.9091,0.9073,-1417.9668,-1320.1673,2909.9335,3003.2397,92,2886.4474,0.103,0.0816,0.1241,1e-04,0.2715,0.2715,0.1535,0.1535,0.1535,0.1619,0.1619,0.1525,0.1525,58.959,64.3287,0.797,0.7211,0.5801,0.5916,2.9304,NA,NA,poor model fit,NA
Centro de Educação - CEDU,NA,Presencial,Dispositivo Próprio,143,37,0.7092,202.8188,99,0,1534.9492,120,0,0.9266,0.9111,0.9111,0.8398,0.8679,0.716,0.9277,0.9266,-2063.7576,-1962.3482,4201.5153,4311.1405,143,4194.0664,0.0856,0.0688,0.1024,5e-04,0.2188,0.2188,0.1344,0.1344,0.1344,0.1429,0.1429,0.1343,0.1343,87.8815,95.9308,0.8588,0.806,0.6252,0.6956,1.9358,NA,NA,NA,NA
Instituto de Ciências Biológicas e da Saúde - ICBS,NA,Presencial,Dispositivo Próprio,60,37,1.6126,193.5107,99,0,785.5026,120,0,0.858,0.8279,0.8279,0.7014,0.7536,0.6218,0.8623,0.858,-880.6481,-783.8927,1835.2962,1912.7869,60,1796.4122,0.1261,0.0996,0.1524,0,0.205,0.205,0.1418,0.1418,0.1418,0.1506,0.1506,0.1416,0.1416,39.2073,42.747,0.7442,0.6486,0.5418,0.4549,4.4585,NA,unacceptable model fit,poor model fit,NA
NA,Graduação (bacharelado),Presencial,Dispositivo Próprio,1220,37,0.4668,1139.0882,99,0,13618.1542,120,0,0.9229,0.9066,0.9066,0.8986,0.9164,0.756,0.9231,0.9229,-16251.0983,-15681.5542,32576.1965,32765.1409,1220,32647.6136,0.0928,0.088,0.0977,0,0.1591,0.1591,0.1093,0.1093,0.1093,0.1161,0.1161,0.1091,0.1091,132.9782,145.2055,0.8949,0.8557,0.6515,0.6529,0.9943,NA,NA,NA,NA
"Campus Arapiraca (Arapiraca, Palmeira dos Índios e Penedo)",Graduação (bacharelado),Presencial,Dispositivo Próprio,172,37,0.874,300.6429,99,0,2041.1989,120,0,0.895,0.8728,0.8728,0.8215,0.8527,0.7035,0.8962,0.895,-2301.7506,-2151.4292,4677.5013,4793.9586,172,4676.7983,0.1088,0.0949,0.123,0,0.1415,0.1415,0.1167,0.1167,0.1167,0.1242,0.1242,0.1167,0.1167,71.498,78.0295,0.8454,0.7876,0.6154,0.5565,2.1782,NA,NA,poor model fit,NA
"Faculdade de Economia, Administração e Contabilidade - FEAC",Graduação (bacharelado),Presencial,Dispositivo Próprio,110,37,1.101,242.2153,99,0,1397.2018,120,0,0.8879,0.8641,0.8641,0.7899,0.8266,0.682,0.8897,0.8879,-1581.3488,-1460.2412,3236.6976,3336.6154,110,3219.6941,0.1147,0.0965,0.1331,0,0.3414,0.3414,0.193,0.193,0.193,0.2047,0.2047,0.1925,0.1925,56.9617,62.1463,0.7968,0.7209,0.5801,0.5215,2.8747,NA,NA,poor model fit,NA
NA,Graduação (licenciatura),Presencial,Dispositivo Próprio,368,37,0.7792,573.4958,99,0,4377.8233,120,0,0.8886,0.8649,0.8649,0.8412,0.869,0.7169,0.8891,0.8886,-5510.3122,-5223.5643,11094.6244,11239.2235,368,11121.836,0.1141,0.1052,0.1233,0,0.171,0.171,0.1159,0.1159,0.1159,0.1232,0.1232,0.1158,0.1158,80.071,87.3966,0.8687,0.8197,0.6324,0.5248,1.7595,NA,NA,poor model fit,NA
"Instituto de Ciências Humanas, Comunicação e Artes - ICHCA",Graduação (licenciatura),Presencial,Dispositivo Próprio,49,37,1.8113,177.5119,99,0,727.1988,120,0,0.8707,0.8433,0.8433,0.7041,0.7559,0.6236,0.875,0.8707,-753.4675,-664.7115,1580.935,1650.9324,49,1534.8246,0.1272,0.0965,0.1571,1e-04,0.2913,0.2913,0.1787,0.1787,0.1787,0.1889,0.1889,0.1778,0.1778,35.0148,38.1662,0.7082,0.5991,0.5155,0.4488,5.1329,NA,unacceptable model fit,poor model fit,NA
Centro de Educação - CEDU,Graduação (licenciatura),Presencial,Dispositivo Próprio,93,37,0.8362,155.5338,99,2e-04,1104.5777,120,0,0.9426,0.9304,0.9304,0.8293,0.8592,0.7088,0.9438,0.9426,-1329.991,-1252.2241,2733.982,2827.6882,93,2710.8875,0.0784,0.0537,0.1013,0.0315,0.159,0.159,0.1157,0.1157,0.1157,0.1231,0.1231,0.1156,0.1156,74.6814,81.5077,0.8499,0.7937,0.6186,0.7379,2.4681,NA,NA,NA,NA
NA,Doutorado,Presencial,Dispositivo Próprio,93,37,1.3682,254.4832,99,0,1021.8728,120,0,0.8276,0.791,0.791,0.6981,0.751,0.6195,0.8315,0.8276,-1414.3057,-1287.0641,2902.6115,2996.3177,93,2879.5169,0.13,0.1104,0.1498,0,0.2589,0.2589,0.1635,0.1635,0.1635,0.1731,0.1731,0.1629,0.1629,46.0322,50.2043,0.7462,0.6514,0.5432,0.4335,3.5321,unacceptable model fit,unacceptable model fit,poor model fit,NA
NA,NA,Educação a Distância,Dispositivo Próprio,54,37,1.3105,141.5356,99,0.0033,784.7656,120,0,0.936,0.9224,0.9224,0.7814,0.8196,0.6762,0.938,0.936,-793.0359,-722.2681,1660.0718,1733.6642,54,1617.4218,0.0892,0.0528,0.1209,0.0403,0.2218,0.2218,0.1349,0.1349,0.1349,0.1433,0.1433,0.1348,0.1348,48.0141,52.3697,0.793,0.7156,0.5772,0.6745,3.9914,NA,NA,NA,NA
